{
    "ImageNet": {
        "mean": [
            0.485,
            0.456,
            0.406
        ],
        "std": [
            0.229,
            0.224,
            0.225
        ]
    },
    "CIFAR10": {
        "mean": [
            0.4914,
            0.4822,
            0.4465
        ],
        "std": [
            0.2023,
            0.1994,
            0.201
        ]
    },
    "MNIST": {
        "mean": [
            0.1307,
            0.1307,
            0.1307
        ],
        "std": [
            0.3801,
            0.3801,
            0.3801
        ]
    },
    "VRS": {
        "mean": [
            0.72043937,
            0.72043937,
            0.72043937
        ],
        "std": [
            0.3669707,
            0.3669707,
            0.3669707
        ]
    },
    "T07112-20220713004852": {
        "mean": [
            0.5,
            0.5,
            0.5
        ],
        "std": [
            0.5,
            0.5,
            0.5
        ]
    }
}